,press,title,date
0,네이버금융, '금리인상 신중' 美 파월 발언 여파 소폭 상승,20210901
1,네이버금융," 코스피, 13거래일 만에 3200 회복",20210901
2,네이버금융," 코스피, 13거래일 만에 3200 회복",20210901
3,네이버금융,"환율, 2주만에 최저…외국인 순매수에 나흘째 하락",20210901
4,네이버금융, 코스피 20일만에 3200선 회복…외국인 이틀째 '사자',20210901
5,네이버금융, 코스피 3200선 회복…외국인 이틀째 '사자',20210901
6,네이버금융,외국인 매수세에 1040선 회복…8거래일 연속 상승,20210901
7,네이버금융,외국인 매수세에 1040선 회복…8거래일 연속 상승,20210901
8,네이버금융,간밤 뉴욕증시 관망세 속...국내 증시 약보합,20210901
9,네이버금융,위험선호 약화…환율 이틀만에 1160원 넘나,20210901
10,네이버금융,매물 소화 과정 거칠 듯…지수 방향성은 '경제 지표',20210901
11,네이버금융," 국제유가, 멕시코만 정제활동 일시 중단 소식에 하락..WTI 1%↓",20210901
12,네이버금융, 中경제지표 둔화·델타변이 확산에 일제히 하락,20210901
13,네이버금융,"""S&P 내년 5000 간다""…8월 마지막날엔 '숨고르기'",20210901
14,네이버금융,국내 채권형펀드 하루만에 333억원 순유출,20210901
15,네이버금융,"美증시 '숨고르기'…바이든 ""타국 위한 군사작전시대 끝나"" ",20210901
16,네이버금융,美 증시 숨고르기···S&P 0.14% 하락 ,20210901
17,네이버금융, 중 경제지표·미 델타변이 확산 주시하며 하락,20210901
18,네이버금융, 중 경제지표·미 델타변이 확산 주시하며 하락,20210902
19,네이버금융, 코스피 1% 급락…외국인·기관 매도 영향,20210902
20,네이버금융, 코스피 1% 급락…외국인·기관 매도 영향,20210902
21,네이버금융," 코스피, 외인+기관 팔자에 3170선 후퇴…카뱅 7%↓",20210902
22,네이버금융,"코스피, 기관·외국인 매도에 1% 하락…3170선 후퇴",20210902
23,네이버금융,외국인 '팔자' 전환에 환율 상승…사흘 만에 1160원대,20210902
24,네이버금융,개인 순매수세에 강보합… 9거래일째 올라 '1040선',20210902
25,네이버금융,개인 순매수세에 강보합… 9거래일째 올라 '1040선',20210902
26,네이버금융,美증시 고용지표 부진에 혼조세...국내 증시 영향은,20210902
27,네이버금융,美지표 부진에 약달러…환율 닷새째 하락 예상,20210902
28,네이버금융," 국제유가, OPEC+ 증산 규모 유지·재고 감소에 상승",20210902
29,네이버금융, 미국 고용지표 주목 속 혼조세,20210902
30,네이버금융,"""악재에서도 긍정론 찾는 시장"" 나스닥 장중 최고치 ",20210902
31,네이버금융,뉴욕증시 혼조세·나스닥 사상 최고치…보건의료노조 총파업 철회 ,20210902
32,네이버금융,국내 채권형펀드 2거래일간 333억원 순유출,20210902
33,네이버금융,예상보다 낮은 고용지표 소화한 시장···나스닥 0.33%↑ ,20210902
34,네이버금융, 미국 고용 수치 주목하며 혼조세,20210902
35,네이버금융, 미국 고용 수치 주목하며 혼조세,20210903
36,네이버금융, 코스피 하루만에 3200선 회복...외국인 매수 영향,20210903
37,네이버금융, 코스피 하루만에 3200선 회복...외국인 매수 영향,20210903
38,네이버금융,"코스피, 외인 4일째 '사자' 3200선 회복…LG전자 10%↑",20210903
39,네이버금융, 코스피 3200선 턱걸이…외국인 4거래일째 '사자',20210903
40,네이버금융,열흘째 상승세 타고 1050선 안착…外人도 '사자',20210903
41,네이버금융,"美고용 대기+명절전 네고 물량…환율, 하루 만에 1150원대 하락",20210903
42,네이버금융,"美고용 대기+명절전 네고 물량…환율, 하루 만에 1150원대 하락",20210903
43,네이버금융,위험선호+달러약세…환율 1150원대 복귀할 듯,20210903
44,네이버금융,국내 채권형펀드 하루새 6300억원 순유입,20210903
45,네이버금융,"S&P500·나스닥 또 최고치…공수처, 조희연 수사결과 발표 예정",20210903
46,네이버금융,S&P·나스닥 '또 사상최고'...애플 주가도 '최고',20210903
47,네이버금융,8월 고용보고서 앞두고 S&P 0.28%↑ 최고치 ,20210903
48,네이버금융, 미국 실업 지표 개선에 일제히 상승,20210903
49,네이버금융,美고용 실망감에···다우 0.21% 하락 마감,20210904
50,네이버금융,델타發 고용쇼크...'테이퍼링 연기' 가능성에 '관망',20210904
51,네이버금융, 미국 고용증가세 둔화에 하락,20210904
52,네이버금융,美 FOMC 앞두고 관망세.. ECB 통화정책회의 주목 ,20210905
53,네이버금융,美 FOMC 앞두고 코스피 관망세 지속될 듯,20210905
54,네이버금융,외국인 컴백한 걸까…월말 美 FOMC 관건,20210905
55,네이버금융,건설株 날았다…공급책·대선공약에 펀드 '쑥',20210905
56,네이버금융,긍정 vs 부정…'일자리 쇼크' 바라보는 두가지 시선,20210905
57,네이버금융, 월말 FOMC 전까지 박스권 등락,20210905
58,네이버금융, 방향성 잃은 코스피…투자자 관망 지속,20210905
59,네이버금융, 방향성 잃은 코스피…투자자 관망 지속,20210906
60,네이버금융, 코스피 3200선 강보합…기관 물량 풀린 카뱅 4%↓,20210906
61,네이버금융," 코스피, 美 증시 혼조에 보합권…외인·기관 순매수",20210906
62,네이버금융," 코스피, 美 증시 혼조에 보합권…외인·기관 순매수",20210906
63,네이버금융,"국내증시, 美 고용지표 부진·네 마녀의 날 임박에 혼조",20210906
64,네이버금융,달러 강세 제한+위안화 약세…환율 1150원대 약보합,20210906
65,네이버금융, 외인·기관 동반 매도에 하락…1050선은 사수,20210906
66,네이버금융, 외인·기관 동반 매도에 하락…1050선은 사수,20210906
67,네이버금융,"코스피, 약세 출발···3,200선 바로 내줘",20210906
68,네이버금융,"美고용쇼크 여파에 弱달러…환율, 1150원 하향 테스트",20210906
69,네이버금융," ""美 고용지표 쇼크 영향… 국내 증시 소폭 반등 전망""",20210906
70,네이버금융,국내 채권형펀드 하루새 8900억원 순유입,20210906
71,네이버금융,국내 채권형펀드 하루새 8900억원 순유입,20210907
72,네이버금융," 코스피 하락 마감···외국인, 6거래일 만에 ‘팔자’ 돌아서",20210907
73,네이버금융," '금융 플랫폼 인수' 비자, 핀테크 성장주로 주목",20210907
74,네이버금융,"코스피, 외인·기관 동반 매도에 3200선 밑으로",20210907
75,네이버금융,외인 홀로 순매수…1054선 강보합,20210907
76,네이버금융,외인 홀로 순매수…1054선 강보합,20210907
77,네이버금융,"외인 순매도+위안화 약세…환율, 사흘만 상승",20210907
78,네이버금융, 코스피 3180선 밀려…外人 6거래일만에 '팔자',20210907
79,네이버금융, 코스피 3180선 밀려…外人 6거래일만에 '팔자',20210907
80,네이버금융, 노동절 맞아 휴장한 美 증시…중소기업 지원하는 中,20210907
81,네이버금융,"고용쇼크에도 달러화 소폭 상승…환율, 사흘만 상승 예상",20210907
82,네이버금융, 미 테이퍼링 지연 기대에 일제히 상승,20210907
83,네이버금융,국내 채권형펀드 3거래일간 8967억원 순유입,20210907
84,네이버금융,코로나 1500명 안팎 '수도권 재확산세' 새 변수…뉴욕증시 '휴장' ,20210907
85,네이버금융, 미 테이퍼링 지연 기대에 상승,20210907
86,네이버금융," 코스피, 0.77% 하락 마감…대형 인터넷 플랫폼 규제에 투심 악화",20210908
87,네이버금융," 코스피, 0.77% 하락 마감…대형 인터넷 플랫폼 규제에 투심 악화",20210908
88,네이버금융," 코스피, 0.77% 하락 마감…대형 인터넷 플랫폼 규제에 투심 악화",20210908
89,네이버금융, 코스피 0.77%↓ 3160선…카카오 10%·네이버 7% 급락,20210908
90,네이버금융,"환율, 석달만에 최대폭 상승해 1160원대…7거래일만에 최고",20210908
91,네이버금융,외인·기관 '팔자'에 2거래일째 하락…'1030선',20210908
92,네이버금융,"코스피, 외인·기관 동반 매도에 이틀 연속 하락",20210908
93,네이버금융,"코스피, 외인·기관 동반 매도에 이틀 연속 하락",20210908
94,네이버금융,"국내 증시, 외국인·기관 매도세 속 약세 출발",20210908
95,네이버금융,리스크오프에 强달러…환율 나흘만에 1160원대 복귀,20210908
96,네이버금융,"""美증시, 경기둔화 우려에 혼조...코스피 약세 전망""",20210908
97,네이버금융,화이자·모더나 440만회분 오늘 추가 도입…김웅 기자회견 ,20210908
98,네이버금융,"""美증시 비중축소""…잇단 비관론에 다우 270p↓ ",20210908
99,네이버금융,국내 채권형펀드 4거래일간 9590억원 순유입,20210908
100,네이버금융,델타변이 우려 확산에 다우 0.76%↓···나스닥은 0.07%↑ ,20210908
101,네이버금융, 유럽중앙은행 통화정책 주목하며 하락,20210908
102,네이버금융,'네 마녀의 날' 코스피 1.5%↓ 3110선…카카오 또 7%↓,20210909
103,네이버금융," 코스피, 1% 넘게 하락…상위 10개 종목 ‘우수수’",20210909
104,네이버금융," 코스피, 1% 넘게 하락…상위 10개 종목 ‘우수수’",20210909
105,네이버금융,"코스피, '네 마녀의 날'에 1.5% 하락…3110선으로 후퇴",20210909
106,네이버금융,"外人 매도세 지속…환율, 1170원 목전까지 올라",20210909
107,네이버금융,외인·기관 이틀째 순매도로 소폭 하락… 1030선,20210909
108,네이버금융,외인·기관 이틀째 순매도로 소폭 하락… 1030선,20210909
109,네이버금융,9일 선물옵션 동시만기일 영향…'변동성 확대 국면',20210909
110,네이버금융," 국제유가, 멕시코만 여파 주시 속 상승..WTI 1.39%↑",20210909
111,네이버금융,"위험선호 훼손…환율, 열흘만 1170원 복귀 시도",20210909
112,네이버금융,"뉴욕증시, 델타 변이 우려에 하락…IOC, 北 내년까지 자격정지",20210909
113,네이버금융, 국내 채권형펀드 5거래일만에 순유출 전환,20210909
114,네이버금융,"""9월 변동성 조심"" 3대 지수 하락...여행주↓",20210909
115,네이버금융,델타변이·연내 테이퍼링 재확인에 나스닥 -0.57% ,20210909
116,네이버금융, 코스피 3100선 지키며 상승 마감···개인 4일 연속 순매수,20210910
117,네이버금융, 코스피 3100선 지키며 상승 마감···개인 4일 연속 순매수,20210910
118,네이버금융, 코스피 3100선 지키며 상승 마감···개인 4일 연속 순매수,20210910
119,네이버금융, 코스피 0.3%↑ 3120선 마감 …카카오·네이버 '반등',20210910
120,네이버금융,"코스피, 개인·기관 반발매수에 0.3% 상승",20210910
121,네이버금융,"미·중 화해 무드, 亞 증시 호재…환율, 1160원대 약보합 마감",20210910
122,네이버금융,외인 나홀로 순매수에 상승…1037.91,20210910
123,네이버금융,외인 나홀로 순매수에 상승…1037.91,20210910
124,네이버금융,"코스피, 장초반 강보합···카카오·네이버 반등",20210910
125,네이버금융, 변하는 각국 중앙은행의 유동성 정책…투자 심리 다소 위축,20210910
126,네이버금융,"ECB 긴축 신호에…환율, 1170원 테스트",20210910
127,네이버금융, 국내 채권형펀드 2거래일간 4881억원 순유출,20210910
128,네이버금융,"뉴욕증시, 델타 변이 우려에 하락…남부 중심 흐리고 비 ",20210910
129,네이버금융,'신중모드'에 3대지수↓…레깅스의 룰루레몬 호실적에 급등,20210910
130,네이버금융,계속되는 델타변이·연준 불확실성에 다우 0.43%↓ ,20210910
131,네이버금융, 코스피 상장 눈앞 현대重…경쟁사 대비 가격 싸 매력,20210910
132,네이버금융,델타변이·인플레 우려...다우지수 5일째 하락,20210911
133,네이버금융,"추석연휴 앞두고 박스권 장세, 코스피 예상밴드 3060~3200 ",20210912
134,네이버금융, 상승 모멘텀 부재 속 박스권 등락 예상,20210912
135,네이버금융," 추석 앞둔 코스피, 박스권 전망…실물지표 촉각",20210912
136,네이버금융,"스가 퇴진에 날개 단 日증시, 일본 펀드도 ‘훨훨’",20210912
137,네이버금융,"너무 높으면 9월?…'테이퍼링' 시작, 8월 소비자물가에 달렸다 ",20210912
138,네이버금융, 연휴 앞두고 커지는 경계심…수급 공백 전망,20210912
139,네이버금융, 연휴 앞두고 커지는 경계심…수급 공백 전망,20210913
140,네이버금융," 코스피, 강보합 마감…네이버·카카오 하락에 투자심리 악화",20210913
141,네이버금융,"달러 강세에 환율, 1176.0원으로 급등…16거래일만에 최고",20210913
142,네이버금융,"달러 강세에 환율, 1176.0원으로 급등…16거래일만에 최고",20210913
143,네이버금융, 코스피 강보합 3120선 마감…카카오株 동반 하락,20210913
144,네이버금융," 코스피, 소폭 상승...카카오 계열사 약세",20210913
145,네이버금융,외국인·기관 동반 매도에 1% 하락…'1020선',20210913
146,네이버금융,외국인·기관 동반 매도에 1% 하락…'1020선',20210913
147,네이버금융," 코스피, 개인 순매도에도 3,130선 안착···반등 성공",20210913
148,네이버금융,"달러 강세에…환율, 1170원 회복 재차 시도",20210913
149,네이버금융, 국내 채권형펀드 3거래일간 5100억원 순유출,20210913
150,네이버금융, 국내 채권형펀드 3거래일간 5100억원 순유출,20210914
151,네이버금융, 생산공정 SW업체 美 앤시스 상승 탄력,20210914
152,네이버금융, 생산공정 SW업체 美 앤시스 상승 탄력,20210914
153,네이버금융," 코스피, 외국인·기관 동반 순매수에 상승 마감···기관 매수 8월 초 이후 최대",20210914
154,네이버금융,"코스피, 반발매수에 0.7%↑…외국인 현·선물 사들여",20210914
155,네이버금융,코스피 0.6%↑ 3140선 마감…'상생발표' 카카오 낙폭 만회,20210914
156,네이버금융,외인 사자에 1%대 반등…1037선,20210914
157,네이버금융,"외국인 순매수+달러 약세…환율, 1170원대 초반 하락",20210914
158,네이버금융,"외국인 순매수+달러 약세…환율, 1170원대 초반 하락",20210914
159,네이버금융, 美정치 불확실성에 혼조세…韓증시도 종목장세 전망,20210914
160,네이버금융,"달러 강세 진정…환율, 하루 만에 하락 전망",20210914
161,네이버금융,"서울 지하철 노사 협상 타결…뉴욕증시, 8월 CPI 앞두고 혼조 ",20210914
162,네이버금융,"""결국 코로나 극복할 것"" 낙관 속 상승...에너지株↑",20210914
163,네이버금융,5거래일 연속 하락 멈춘 다우 0.76% 상승 ,20210914
164,네이버금융,5거래일 연속 하락 멈춘 다우 0.76% 상승 ,20210915
165,네이버금융,5거래일 연속 하락 멈춘 다우 0.76% 상승 ,20210915
166,네이버금융, 코스피 소폭 상승 마감…네이버·카카오 반등 실패,20210915
167,네이버금융,'외인 3일째 사자' 코스피 소폭↑ 3150선…三電 3일째↑,20210915
168,네이버금융,"외인 순매수 연장+달러 매도 배팅…환율, 약보합 마감",20210915
169,네이버금융,"코스피, 외인 매수세에 3150선 회복…4일 연속 반등",20210915
170,네이버금융,외국인 매수세에 1040선 회복…이틀 연속 상승,20210915
171,네이버금융,외국인 매수세에 1040선 회복…이틀 연속 상승,20210915
172,네이버금융,"코스피 장 초반 개인 매수세에 3,150대 올라",20210915
173,네이버금융,인플레 완화에도 투심 위축…환율 1170원대 초중반 뛸 듯,20210915
174,네이버금융," 국제유가, 공급 우려·위험회피 심리 속 보합",20210915
175,네이버금융, “테이퍼링 우려로 투심 저하…中 경제지표 확인해야”,20210915
176,네이버금융, 인플레 우려 완화 주시하며 혼조 마감,20210915
177,네이버금융,'영화 같은 동영상' 아이폰13 공개…확진자 다시 2000명대 ,20210915
178,네이버금융, 국내 채권형펀드 5거래일간 8985억원 순유출,20210915
179,네이버금융,인플레 안도랠리 '30분 만에 끝'…'새 아이폰' 애플 1%↓,20210915
180,네이버금융,인플레 둔화에도 조정 우려에 다우 0.84%↓ ,20210915
181,네이버금융,인플레 둔화에도 조정 우려에 다우 0.84%↓ ,20210916
182,네이버금융,인플레 둔화에도 조정 우려에 다우 0.84%↓ ,20210916
183,네이버금융, 코스피 3130선 마감…중화권 증시 변동성에 하락,20210916
184,네이버금융," 코스피, 0.7%↓ 3130선 후퇴…外人은 4일째 '사자'",20210916
185,네이버금융,中헝다그룹 파산에 위안화 흔들…환율 1170원대 상승,20210916
186,네이버금융,외인·기관 동반 팔자에 1030선 하락,20210916
187,네이버금융,"코스피, 닷새만에 하락 마감…외국인 선물 1兆 매도",20210916
188,네이버금융,"코스피, 닷새만에 하락 마감…외국인 선물 1兆 매도",20210916
189,네이버금융,"코스피, 외국인·기관 매도...장 초반 보합세",20210916
190,네이버금융,"추석 앞둔 코스피, 상승 폭은 제한…외국인 향방은",20210916
191,네이버금융,"위험선호+달러 약세…환율, 나흘만에 1160원대 하락 전망",20210916
192,네이버금융, 국내 채권형펀드 6거래일간 1조1000억원 순유출,20210916
193,네이버금융,"뉴욕증시, 경기 회복 기대감에 반등…태풍 '찬투' 남부 많은 비 ",20210916
194,네이버금융,"""경제성장 지속"" 기대감에 상승...에너지株↑",20210916
195,네이버금융,美 증시 반등 성공···경기회복 지속 전망에 다우 0.68%↑ ,20210916
196,네이버금융,美 증시 반등 성공···경기회복 지속 전망에 다우 0.68%↑ ,20210917
197,네이버금융," 코스피, 소폭 상승 마감…외국인 ‘사자’ 전환",20210917
198,네이버금융, 추석연휴 전 코스피·코스닥 동반상승 마감,20210917
199,네이버금융,强달러에 환율 장중 1180원 넘어…이틀째 상승,20210917
200,네이버금융,"추석 앞둔 코스피 0.3%↑ 3140선…현중, 조선대장株 등극",20210917
201,네이버금융,이틀 만에 1040선 회복…거래대금은 '뚝',20210917
202,네이버금융,이틀 만에 1040선 회복…거래대금은 '뚝',20210917
203,네이버금융,"연휴 앞두고 코스피 3,110선 약세...외인·기관 순매도",20210917
204,네이버금융,"""연휴 전 국내 증시 보합 출발 후 관망세 전망...지수보다 종목에 집중""",20210917
205,네이버금융,"글로벌 달러 강세+위험선호 위축…환율, 1170원 중후반 전망",20210917
206,네이버금융," 국제유가, 공급우려 속 보합",20210917
207,네이버금융, 경제회복 기대감에 소폭 반등,20210917
208,네이버금융,확진자 2000명대 넘을 듯…오늘부터 8인가족 모임 가능 ,20210917
209,네이버금융, 국내 채권형펀드 7거래일간 1조3376억원 순유출,20210917
210,네이버금융,"'네 마녀의 날' 앞두고 혼조...""변동성 대비"" ",20210917
211,네이버금융,엇갈린 경제지표 속 다우 -0.18%···나스닥은 0.13%↑ ,20210917
212,네이버금융, '전기차 양극재' 10조 수주…에코프로비엠 폭풍성장 기대,20210917
213,네이버금융,"뉴욕증시, 투자심리 위축 속 일제히 하락···다우 0.48%↓ ",20210918
214,네이버금융,변동성 경계감 속 하락...국채금리↑기술주↓,20210918
215,네이버금융,"""투자자들이 이제야 직면한 위험을 깨달았다"" ",20210919
216,네이버금융, 추석연휴 FOMC서 테이퍼링·금리인상 주목,20210919
217,네이버금융, 추석연휴 FOMC서 테이퍼링·금리인상 주목,20210921
218,네이버금융,中악재·FOMC불안감에 '뚝↓'...항공주는 '쑥↑',20210921
219,네이버금융,中 헝다 사태·부채한도 우려에 S&P -1.7% ,20210921
220,네이버금융,中 헝다 사태·부채한도 우려에 S&P -1.7% ,20210922
221,네이버금융, 공급 우려…글로벌 에너지 펀드 수익률 '쑥',20210922
222,네이버금융,中리스크·FOMC 앞두고 '신중'...우버 11%↑,20210922
223,네이버금융, 추석 연휴 이후 미·중 이벤트 주목,20210922
224,네이버금융,中 헝다 여진에 다우 -0.15%···나스닥은 0.22%↑ 반등  ,20210922
225,네이버금융,中 헝다 여진에 다우 -0.15%···나스닥은 0.22%↑ 반등  ,20210923
226,네이버금융,"""괜히 떨었나?""…헝다 위기에도 中증시 일제히 상승 ",20210923
227,네이버금융, 코스피 0.41% 하락···中 헝다 발 충격 제한,20210923
228,네이버금융," 코스피 0.4% 하락 3127 마감…""헝다 사태 영향 제한적""",20210923
229,네이버금융,"코스피, 헝다 사태에 소폭 하락…3120선 밀려",20210923
230,네이버금융,中헝다 불안에 1036선까지 밀려,20210923
231,네이버금융,"1년만에 장중 최고점 찍은 환율, 네고에 밀려 강보합",20210923
232,네이버금융,"1년만에 장중 최고점 찍은 환율, 네고에 밀려 강보합",20210923
233,네이버금융,"코스피 0.66% 빠진 3,119.77...""연휴中 이벤트 일시 반영해 변동성 커질 것""",20210923
234,네이버금융,"FOMC 안도감 속 中 헝다 리스크..환율, 연고점 돌파하나",20210923
235,네이버금융, 中헝다그룹 우려 및 FOMC 불확실성 완화에 美증시 회복,20210923
236,네이버금융," 국제유가, 美 원유재고 감소에 상승...WTI 2.47%↑",20210923
237,네이버금융, 헝다그룹 쇼크 완화되며 1%대 상승,20210923
238,네이버금융,"뉴욕증시, FOMC 완화적 결과에 상승…헝다그룹 사태 진정",20210923
239,네이버금융, 국내 채권형펀드 8거래일간 1조5000억 순유출,20210923
240,네이버금융,"""금리인상은 아직"" 안도감에 상승...원자재株↑",20210923
241,네이버금융,“아직 시간 남았다”···테이퍼링 곧 개시에도 다우 1%↑ ,20210923
242,네이버금융,“아직 시간 남았다”···테이퍼링 곧 개시에도 다우 1%↑ ,20210924
243,네이버금융,'헝다 불안감' 코스피 약보합 3120선 마감…카카오株 반등,20210924
244,네이버금융," 방향성 모호한 코스피, 약보합 마감…카카오 반등",20210924
245,네이버금융," 방향성 모호한 코스피, 약보합 마감…카카오 반등",20210924
246,네이버금융,"코스피, 외국인 선물 순매도에 반락",20210924
247,네이버금융,"환율 1176.5원 나흘째 상승…""수급상 달러 매수우위""",20210924
248,네이버금융,외인·기관 동반 순매도에 보합권… 이틀째 1030선,20210924
249,네이버금융, 강세 나타낸 美 3대 지수…테이퍼링 시사에도 반발 매수세 유입,20210924
250,네이버금융,"헝다 파산 이슈 잦아들어…환율, 1170원대 등락 전망",20210924
251,네이버금융,"강남 집값 같은 미국 주식, 테이퍼링 발표에 치솟은 이유 ",20210924
252,네이버금융,"뉴욕증시, FOMC 결과 소화하며 상승…北 ""종전선언할 때 아냐""",20210924
253,네이버금융,연준 부양책 지속·헝다 우려 완화에 다우 1.48%↑ ,20210924
254,네이버금융, 국내 주식형펀드 3거래일만에 2382억원 순유입,20210924
255,네이버금융,中악재·금리우려 완화에 급등...경기회복株↑,20210924
256,네이버금융,'공급망 대란' 나이키도 못 피했다...주가6%↓ ,20210925
257,네이버금융,외국인 컴백에도 헝다 불안감.. 증시 보릿고개 ‘3080~3180’ ,20210926
258,네이버금융, 헝다 쇼크에 변동성 구간...박스권 내 등락 전망,20210926
259,네이버금융,"여전한 중국 우려…코스피, 박스권 전망",20210926
260,네이버금융,"""살얼음판 스케이팅 중...작은 균열에도 증시 충격""",20210926
261,네이버금융,화물운송·트래블버블 기대…날개 단 항공株 펀드,20210926
262,네이버금융, 실적 피크아웃에 가로막힌 상단…박스권 전망,20210926
263,네이버금융, 코스피 소폭 상승 마감…외인 장중 순매수 확대,20210927
264,네이버금융," 코스피, 외인 '사자'에 0.27%↑ 3130선…코스닥은 0.2%↓",20210927
265,네이버금융,"코스피, 외국인 매수에 강보합…3130선 회복",20210927
266,네이버금융,"외국인 국내증시 순매수 연장…환율, 1170원대 중반 강보합",20210927
267,네이버금융, 기관 '팔자'에 소폭 하락…3거래일째 1030선,20210927
268,네이버금융,오르락 내리락 불안한 증시…日닛케이 0.03%↓ ,20210927
269,네이버금융,오르락 내리락 불안한 증시…日닛케이 0.03%↓ ,20210927
270,네이버금융,"헝다 불안감 재점화…환율, 1180원대 탈환 전망",20210927
271,네이버금융, 국내 주식형펀드 2거래일간 2500억원 순유입,20210927
272,네이버금융, 국내 주식형펀드 2거래일간 2500억원 순유입,20210928
273,네이버금융," 코스피, 외국인 선물 매도 폭탄에 1% 넘게 급락···한 달 만에 3100선 붕괴",20210928
274,네이버금융, 車반도체 품귀에 텍사스인스트루먼트 '씽씽',20210928
275,네이버금융, 코스피 한달만에 3100선 무너져…환율 1180선 돌파,20210928
276,네이버금융,"국내증시 하락에 원화 약세…환율, 1180원 중반대 1년여만 최고",20210928
277,네이버금융, 외국인·기관 물량 폭탄에 2% 하락…1000선도 불안,20210928
278,네이버금융,코로나 긴급사태 해제에도 日증시 하락…홍콩은 급등,20210928
279,네이버금융,코로나 긴급사태 해제에도 日증시 하락…홍콩은 급등,20210928
280,네이버금융,소폭 하락 출발한 코스피...네이버·삼바 2%대 약세,20210928
281,네이버금융,반도체 종목 중심으로 견고할 것…차별화 장세는 지속,20210928
282,네이버금융,美긴축 우려에 금리 상승…환율 1170원대 후반 전망,20210928
283,네이버금융,경기낙관 속 국채금리 UP...기술주↓금융주↑,20210928
284,네이버금융, 국내 주식형펀드 3거래일간 2600억원 순유입,20210928
285,네이버금융,오늘 확진자수 월요일 기준 '최다'…위드 코로나는 계획대로,20210928
286,네이버금융,"美, 10년물 국채금리 한때 1.5% 돌파···나스닥 0.52% 하락 ",20210928
287,네이버금융," 코스피, 미 금리 인상 우려에  1.22% 하락…3060선으로 밀려",20210929
288,네이버금융," 코스피, 미 금리 인상 우려에  1.22% 하락…3060선으로 밀려",20210929
289,네이버금융, 美충격에 코스피 1.2%↓ 3060선 밀려…대장주 三電 3%↓,20210929
290,네이버금융,"환율, 연 고점 돌파했으나 7거래일 만에 하락",20210929
291,네이버금융,외인 사자에도 기관 팔자…1%대 하락,20210929
292,네이버금융,외인 사자에도 기관 팔자…1%대 하락,20210929
293,네이버금융,"코스피·코스닥 장중 한때 3,050·1,000선 붕괴···양 시장 1%대 하락",20210929
294,네이버금융," 美 증시 국채 금리 급등에 '하락', 韓 증시 흔들리나",20210929
295,네이버금융,美금리 석달래 최고…환율 1190원까지 뛰나,20210929
296,네이버금융,美국채금리 상승에 '나스닥 급락'…확진자 다시 3000명 내외 ,20210929
297,네이버금융, 엇갈린 월가 라이벌…JP모간 '상승' vs 모건스탠리 '조정',20210929
298,네이버금융,10년 국채금리 급등...나스닥 3월 이후 '최악의 날' ,20210929
299,네이버금융, 韓 채권형펀드 3거래일만에 1134억원 순유입,20210929
300,네이버금융,美 10년물 국채금리 급등에 나스닥 -2.8% 급락 ,20210929
301,네이버금융,돌아온 '기관'에…나흘만의 강세,20210930
302,네이버금융,돌아온 '기관'에…나흘만의 강세,20210930
303,네이버금융,새 총리 선출 달갑지 않은 증시…日 닛케이 4일 연속 하락,20210930
304,네이버금융," 코스피, 사흘 만에 소폭 반등…개인·외국인 반발 매수",20210930
305,네이버금융,"코스피, 외인 매수세에 반등…3100선 회복 못해",20210930
306,네이버금융, 코스피 3거래일만에 반등 3060선…SK하이닉스 3%↑,20210930
307,네이버금융,"달러화 반락에 상승폭 줄여…환율, 1180원대 중반 마감",20210930
308,네이버금융,"달러화 반락에 상승폭 줄여…환율, 1180원대 중반 마감",20210930
309,네이버금융,"코스피, 장 초반 개인 매수에 상승전환",20210930
310,네이버금융,"코스피 장 초반 3,050대 약세",20210930
311,네이버금융,달러인덱스 1년래 최고…환율 1180원대 후반 상승 전망,20210930
312,네이버금융, 美증시 혼조 마감…韓증시 반발매수세 유입 주목,20210930
313,네이버금융,"""인플레 오래 갈 것""…금리 불안에 기술주 약세 ",20210930
314,네이버금융,美 국채금리 변동성에 뉴욕증시 혼조…거리두기 재연장 가닥 ,20210930
315,네이버금융, 韓 채권형펀드 2거래일간 2213억원 순유입,20210930
316,네이버금융,10년물 국채금리 변동성 지속에 나스닥 -0.24% ,20210930
